{
  "results": [
    {
      "command": "start-up-server-req",
      "mean": 0.008326600560000003,
      "stddev": 0.0004248563928832893,
      "median": 0.008297751160000002,
      "user": 0.0023240199999999996,
      "system": 0.0030175799999999997,
      "min": 0.007817834160000002,
      "max": 0.008881875160000002,
      "times": [
        0.007817834160000002,
        0.008881875160000002,
        0.008595125160000001,
        0.008040417160000002,
        0.008297751160000002
      ],
      "exit_codes": [
        0,
        0,
        0,
        0,
        0
      ]
    }
  ]
}
